TrainingCount,Proficiency,SuccessRate
0,0,0
20,17.57,0
40,34.67001,10
60,53.34175,90
80,68.00175,100
100,82.45175,100
